U034LKGHE	kpd0ovi5d30gmujk4ka85lbg14
U034LKGHE	5cm4j2u1mig6413le24fjdpb74
U034LKGHE	i2q9s5lrpon21catkk3og53n2k
U034LKGHE	5aqf3mv7j6bbd84kl4ibkejmco
U034LKGHE	ah36q02q6dr6lsupc4g1np2nvc
U034LKGHE	vm0dgkno7b4r340u4fqtjp7pr4
U034LKGHE	kg5vs3u6dq8sbjcbva04dadrt0
U034LKGHE	sishcd395hnma6ndq0fbhqfec0
U034LKGHE	12ceg8qiuurb03vlfnbabb54qg
U034LKGHE	r13b9v8smhkucm70osj2dnlr40
U034LKGHE	573e2snf29e27aoi1ue8ibi9b8
U034LKGHE	0utt8e8o8fd3qdqtftt4qv298o
U034LKGHE	bo9e3tdu2u1dr4doa6toij0fqk
U034LKGHE	iq8k3e3hnafgbqo9bsn1594dbs
U034LKGHE	lhj6kqf0m522135dril50jb1kg
U034LKGHE	fau5io75sh0jv4fqjhfa42fpn4
U034LKGHE	46pjf7t0pl92oa2td7dnmu9jng
U034LKGHE	utv8cq5kkdubhckvtjv113pgm0
U034LKGHE	c8vttlomsv47enkbk28i9fkqgo
U034LKGHE	alboskero1jjlojq96uhhmbmdo
U034LKGHE	hipuchelpvpihmt3qof44vptng
U034LKGHE	1b8ktmo2uu65sq1og1amijgbj0
U034LKGHE	tk2cv2l22j4f4ukndht0pp63qg
U034LKGHE	ttpmrgk6l15roio3ntscumv71k
U034LKGHE	4mvk3v36m9ib61hii2saqb7ojc
U034LKGHE	dv41bgnr02jsgp6gukejvv01do
U034LKGHE	2iaslmuhs4jbljr9ft21ol2am8
U034LKGHE	li0cn1gscvt4g1bija0paj62ao
